Month;#Commits
2013-10;5.0
2013-11;10.0
2013-12;0.0
2014-01;49.0
2014-02;26.0
2014-03;10.0
2014-04;12.0
2014-05;5.0
2014-06;2.0
2014-07;0.0
2014-08;2.0
2014-09;1.0
2014-10;0.0
2014-11;0.0
2014-12;0.0
2015-01;1.0
2015-02;56.0
2015-03;153.0
2015-04;76.0
2015-05;1.0
2015-06;14.0
2015-07;3.0
2015-08;43.0
2015-09;16.0
2015-10;38.0
2015-11;36.0
2015-12;26.0
2016-01;41.0
2016-02;46.0
2016-03;32.0
2016-04;18.0
2016-05;63.0
2016-06;35.0
2016-07;37.0
2016-08;25.0
2016-09;32.0
2016-10;22.0
2016-11;26.0
2016-12;28.0
2017-01;30.0
2017-02;16.0
2017-03;3.0
2017-04;2.0
2017-05;46.0
2017-06;20.0
2017-07;10.0
2017-08;6.0
2017-09;64.0
2017-10;36.0
2017-11;10.0
2017-12;8.0
2018-01;19.0
2018-02;15.0
2018-03;18.0
2018-04;22.0
2018-05;14.0
2018-06;2.0
2018-07;6.0
2018-08;0.0
2018-09;1.0
2018-10;0.0
2018-11;0.0
2018-12;20.0
2019-01;3.0
2019-02;2.0
2019-03;6.0
2019-04;3.0
2019-05;0.0
2019-06;0.0
2019-07;3.0
2019-08;0.0
2019-09;1.0
2019-10;0.0
2019-11;0.0
2019-12;2.0
2020-01;13.0
2020-02;15.0
2020-03;0.0
2020-04;2.0
2020-05;9.0
2020-06;19.0
2020-07;10.0
2020-08;20.0
2020-09;1.0
2020-10;1.0
2020-11;0.0
2020-12;0.0
2021-01;0.0
2021-02;0.0
2021-03;0.0
2021-04;0.0
2021-05;0.0
2021-06;0.0
2021-07;0.0
2021-08;6.0
2021-09;2.0
2021-10;3.0
2021-11;0.0
2021-12;3.0
2022-01;0.0
2022-02;0.0
2022-03;0.0
2022-04;2.0
2022-05;2.0
2022-06;0.0
2022-07;13.0
2022-08;0.0
2022-09;0.0
2022-10;4.0
2022-11;0.0
2022-12;0.0
2023-01;0.0
2023-02;11.0
2023-03;0.0
2023-04;0.0
2023-05;0.0
2023-06;0.0
2023-07;0.0
2023-08;0.0
2023-09;0.0
2023-10;0.0
2023-11;0.0
2023-12;10.0
2024-01;0.0
2024-02;0.0
2024-03;0.0
2024-04;0.0
2024-05;0.0
2024-06;0.0
2024-07;0.0
2024-08;0.0
2024-09;2.0
2024-10;3.0
2024-11;1.0
2024-12;1.0
2025-01;0.0
2025-02;3.0
2025-03;0.0
2025-04;0.0
2025-05;0.0
2025-06;0.0
2025-07;0.0
2025-08;0.0
2025-09;0.0
2025-10;1.0
2025-11;0.0
2025-12;0.0
2026-01;0.0
2026-02;4.0
