project,number of commits,number of authors,max time,min time,number of stars,number of forks,last commit date,LongestGapStart,LongestGapEnd,LongestGapLength,NumCommitsAfterLastGap,NumberOfGapsInTimeline,ActivityPattern,BeforeThemes,AfterThemes,HypothesizedGapReason,HasRecovered,WhyRecovered,WhoRecovered,RecentThemes,Notes,Currentstatus
kristofferc_pgfplotsx.jl,1145,63,2025-10-06,2017-05-05,312,37,2025-10-06,2025-05,2025-09,5,19,5,declining,Automated bot contributions:Other,Automated bot contributions:Dependency updates,"Mature package in maintenance mode; before the gap, activity was mostly Documenter bot builds and automatic PR test merges, with one small feature (col sep option, Apr 2025)",Yes,"Maintainer returned in Oct 2025 to update CI (tagbot script, actions cache version), likely because outdated GitHub Actions stopped working",Same maintainer (Kristoffer Carlsson) plus the same pending PR authors,,"A mature, low-maintenance plotting package whose activity is mostly bots and PR test merges. The May-Sep 2025 gap ended with CI maintenance rather than new development.",Active
fizban007_coffeegpu,688,14,2025-02-20,2019-06-07,10,6,2025-02-20,2024-02,2025-01,12,1,4,irregular,Bug fixes:Other,Feature development,"Research code tied to specific supercomputers; commits before the gap were build fixes for clusters (Summit, RIS), suggesting work slowed once the code ran where the group needed it",Partially (1 commit),"Only one commit after the gap (added fix_permission, Feb 2025), a small fix rather than renewed development; GitHub shows no commits since",Same maintainer (Alex Chen),,"Research GPU code maintained by a small group, with work driven by cluster setup needs. The 12-month gap ended with a single commit, and the project is now inactive.",Inactive
clayne_retrowrite,373,15,2025-04-26,2018-08-29,0,0,2025-04-26,2024-06,2025-03,10,3,4,cyclical,Bug fixes:Feature development,Feature development:Documentation updates,"Before the gap, work was a long run of compatibility fixes (Android, old kernels, capstone options); once those were resolved there was little left to fix. With 0 stars and 0 forks, this repo appears to mirror development happening elsewhere",Yes,The same developer returned in Apr 2025 to add a new feature (jumparound obfuscation pass) and update the README,Same contributor (cyanpencil),,"Development comes in bursts from essentially one contributor, alternating between fixes and new features. The 10-month gap ended with a new obfuscation feature.",Active
dkazanc_tomophantom,441,19,2025-04-02,2017-07-01,135,57,2026-09-14,2022-11,2023-08,10,33,4,declining,Feature development:Bug fixes,Release:Documentation updates,"After finishing the flats generator rewrite and overflow fix (#112) in Oct 2022, the maintainer appears to have worked on a major refactor outside the main branch",Yes,"Returned with tomophantom version 3 in Dec 2023: a total refactor (ctypes, Cython removed, 120 tests added), followed by docs and CI updates","Same people (Daniil Kazantsev, Gemma Fardell)",,"Activity has declined overall, but the longest gap was a quiet period before a major release. Version 3 arrived as a burst of refactoring, docs and CI work by the original maintainer.",Active
alicevision_meshroom,7062,142,2025-11-04,2015-06-13,13000,1200,2026-10-06,2017-01,2017-02,2,6661,0,rising,Feature development:Bug fixes,Feature development:Bug fixes,"Short 2-month gap in the project's early days (Jan-Feb 2017), likely a transition between developers or a redesign",Yes,"A new main developer (Yann Lanthony) arrived in Mar 2017 and drove a burst of work on the node editor, subprocesses and Qt 5.8 support",New contributor (Yann Lanthony) took over from Nicolas Rondaud,,"A large, growing project whose only notable gap came early, during a handover between lead developers. Since then activity has risen with many contributors.",Active
fmidev_smartmet-library-newbase,1360,29,2025-10-28,2016-12-01,0,1,2026-10-04,2025-04,2025-05,2,7,0,declining,Release:Feature development,Dependency updates:Other,"Short pause after the Mar 2025 release (New release version, GeoMagneticRIndex); this library is updated in steps with the rest of the SmartMet suite",Yes,Resumed in Jun 2025 to support new platforms (RHEL 10 / Rocky Linux 10) and update build requirements,Same maintainer (Andris Pavenis),,"An institutional library maintained in release cycles by a small team. Its gaps are short pauses between releases, and activity is driven by platform and dependency updates.",Active
knausb_vcfr,1539,26,2026-02-23,2013-10-28,270,54,2026-06-08,2020-11,2021-07,9,71,8,irregular,Documentation updates:Release,Feature development:Release,"Paused after a CRAN release in Sep 2020; the last commits before the gap were release prep (cran-comments, test results, NEWS release info)",Yes,"Maintainer returned in Aug 2021 to add a new feature (vcfR2hapmap) with tests, then bumped the version",Same maintainer (Brian Knaus),,"A single-maintainer R package with work clustered around CRAN releases. The 9-month gap is a natural pause after a release, ended by a new feature.",Active
fedml-ai_fedml,22540,187,2025-10-28,2020-07-22,4100,766,2024-05-13,2022-01,2022-02,2,20744,0,irregular,Bug fixes:Feature development,Feature development:Documentation updates,"Short 2-month gap over the Dec 2021 holiday period, after a burst of research contributions (fedopt fixes, VFL experiments)",Yes,"New contributors arrived in Mar 2022 adding features (median aggregation, scheduler, cross-silo module) as the project moved toward a broader open-source platform","New contributors (bangawayoo, chaoyanghe, Sunwoo Lee, alex.liang)",,"A large research platform with many rotating contributors and bursty activity. The gap was brief and ended by new people, but GitHub shows no commits since May 2024, so it is now inactive.",Inactive
latte-central_latte,488,16,2025-03-13,2015-03-04,270,14,2026-05-29,2021-02,2022-10,21,27,9,cyclical,Release:Bug fixes,Feature development:Release,"Long 21-month gap after starting beta10 in Jan 2021; a single-maintainer academic project, so likely paused due to the maintainer's other commitments",Yes,"Maintainer returned in Nov 2022 to build a new search facility (pattern matcher), then bumped versions",Same maintainer (Frederic Peschanski),,A single-maintainer project with cyclical bursts of work separated by long pauses. The longest gap was hard to explain from commits alone and ended with a new feature.,Active
stineb_mct,377,8,2021-11-08,2019-05-01,6,3,2026-09-01,2019-10,2019-12,3,341,2,irregular,Feature development:Documentation updates,Feature development:Other,"Research analysis code; the gap (Oct-Dec 2019) followed completion of an evaluation phase (Shersingh data, barplot quantiles), likely while results were being written up",Yes,"Work resumed in Jan 2020 with new data (climate and ET forcing, FLUXNET evaluation) and a submission file, suggesting revisions for a paper",Same author (Benjamin Stocker),,"Research code driven by one author, with activity tied to analysis and publication phases. The repository has since moved to the geco-bern lab organization.",Active
